Name,Phone,City,State,Postal Code,Address,Rating,Google Maps Link,Sunday Hours,Business Type,Website,Email
Preferred 1 Restoration,+1 249-358-7911,North Bay,Ontario,P1A 2A2,"34 Lakeshore Dr, North Bay, ON P1A 2A2",5,"https://www.google.com/maps/place/Preferred+1+Restoration/@46.295225599999995,-79.454698,14z/data=!4m8!1m2!2m1!1sPreferred+1+Restoration!3m4!1s0x4d29aa60da26f7e9:0xe242ad8bdfd7ec44!8m2!3d46.295225599999995!4d-79.454698",Open 24 hours,Water damage restoration service,Not Found,Not Found
Restoration Service,+1 647-878-2171,Concord,Ontario,L4K 3R5,"422 N Rivermede Rd #9, Concord, ON L4K 3R5",5,"https://www.google.com/maps/place/Restoration+Service/@43.811096,-79.485016,14z/data=!4m8!1m2!2m1!1sRestoration+Service!3m4!1s0x882b2e91cfa89599:0x6d81a2b82fff1c42!8m2!3d43.811096!4d-79.485016",Open 24 hours,Water damage restoration service,Not Found,Not Found
Raj Restoration Inc.,+1 647-965-0849,CA,Ontario,M1E 2J2,"208 Coronation Dr, Scarborough, ON M1E 2J2",5,"https://www.google.com/maps/place/Raj+Restoration+Inc./@43.762190499999996,-79.1830002,14z/data=!4m8!1m2!2m1!1sRaj+Restoration+Inc.!3m4!1s0x89d4da921de939cd:0x6ad312432288be9e!8m2!3d43.762190499999996!4d-79.1830002",Open 24 hours,Fire damage restoration service,Not Found,Not Found
Promus Simcoe,+1 226-401-0772,Simcoe,Ontario,N3Y 3R2,"679 Norfolk St N #101, Simcoe, ON N3Y 3R2",5,"https://www.google.com/maps/place/Promus+Simcoe/@42.8522143,-80.30862309999999,14z/data=!4m8!1m2!2m1!1sPromus+Simcoe!3m4!1s0x882c4e6fe9f68c81:0x6b8a1c509a0224d9!8m2!3d42.8522143!4d-80.30862309999999",Open 24 hours,Water damage restoration service,Not Found,Not Found
Decora Building Restoration,+1 416-285-7788,CA,Ontario,M1L 3J6,"744 Pharmacy Ave, Scarborough, ON M1L 3J6",1,"https://www.google.com/maps/place/Decora+Building+Restoration/@43.719318799999996,-79.2952117,14z/data=!4m8!1m2!2m1!1sDecora+Building+Restoration!3m4!1s0x89d4cdd9783eb7b9:0x746713573ba88fb9!8m2!3d43.719318799999996!4d-79.2952117",Open 24 hours,Building restoration service,Not Found,Not Found
First Response Restoration,+1 519-823-6200,Guelph,Ontario,N1K 1J1,"126 Malcolm Rd, Guelph, ON N1K 1J1",,"https://www.google.com/maps/place/First+Response+Restoration/@43.534975599999996,-80.3231716,14z/data=!4m8!1m2!2m1!1sFirst+Response+Restoration!3m4!1s0x882b91d4c50c6f1b:0x51eb9d4a5ed6a4b5!8m2!3d43.534975599999996!4d-80.3231716",Open 24 hours,Fire damage restoration service,Not Found,Not Found
2601422 Ontario Inc,+1 289-460-5124,Pickering,Ontario,L1W 3N2,"1630 Bayly St, Pickering, ON L1W 3N2",5,"https://www.google.com/maps/place/2601422+Ontario+Inc/@43.8325485,-79.0711998,14z/data=!4m8!1m2!2m1!1s2601422+Ontario+Inc!3m4!1s0x89d4dfcd3b5ee0f9:0xbb7fd0032def21ef!8m2!3d43.8325485!4d-79.0711998",Open 24 hours,Water damage restoration service,Not Found,Not Found
911 Restoration Toronto,+1 416-912-2205,Whitby,Ontario,L1N 2K8,"1801 Dundas St E Suite 70509, Whitby, ON L1N 2K8",,"https://www.google.com/maps/place/911+Restoration+Toronto/@43.887050699999996,-78.9043284,14z/data=!4m8!1m2!2m1!1s911+Restoration+Toronto!3m4!1s0x89d51d556489f84d:0x408bb267f1a08434!8m2!3d43.887050699999996!4d-78.9043284",Open 24 hours,Water damage restoration service,Not Found,Not Found
Home Restorations Hamilton,+1 905-869-6845,Hamilton,Ontario,L8S 4S3,"1063 King St W Suite 183, Hamilton, ON L8S 4S3",5,"https://www.google.com/maps/place/Home+Restorations+Hamilton/@43.2610561,-79.9073279,14z/data=!4m8!1m2!2m1!1sHome+Restorations+Hamilton!3m4!1s0x882c9b5a63295555:0x3a641c05fcd15abc!8m2!3d43.2610561!4d-79.9073279",Open 24 hours,Water damage restoration service,Not Found,Not Found
EcoEnergy Environmental Services,+1 343-997-2914,Ottawa,Ontario,K1G 3W5,"3205 Swansea Crescent Unit #16, Ottawa, ON K1G 3W5",,"https://www.google.com/maps/place/EcoEnergy+Environmental+Services/@45.382934899999995,-75.6051655,14z/data=!4m8!1m2!2m1!1sEcoEnergy+Environmental+Services!3m4!1s0x4cce0fe636b4a5f5:0x492c82ba36f618ff!8m2!3d45.382934899999995!4d-75.6051655",Open 24 hours,Water damage restoration service,Not Found,Not Found
Vr Disaster Restoration Services Inc,+1 905-660-8000,Concord,Ontario,L4K 3V5,"538 Millway Ave, Concord, ON L4K 3V5",5,"https://www.google.com/maps/place/Vr+Disaster+Restoration+Services+Inc/@43.807767999999996,-79.5311055,14z/data=!4m8!1m2!2m1!1sVr+Disaster+Restoration+Services+Inc!3m4!1s0x882b2f0974400001:0xb48705406ba4cb1e!8m2!3d43.807767999999996!4d-79.5311055",Open 24 hours,Water damage restoration service,Not Found,Not Found
YORK RESTORATION INC.,+1 416-587-7496,CA,Ontario,M8W 2X1,"105 Brockhouse Rd #208, Etobicoke, ON M8W 2X1",5,"https://www.google.com/maps/place/YORK+RESTORATION+INC./@43.6145199,-79.5396623,14z/data=!4m8!1m2!2m1!1sYORK+RESTORATION+INC.!3m4!1s0x882b4953135704ef:0xc22e271bb279e462!8m2!3d43.6145199!4d-79.5396623",Open 24 hours,Water damage restoration service,Not Found,Not Found
Russo's Disaster Restoration Services Ltd,+1 905-238-6774,Mississauga,Ontario,L4W 1Y5,"1146 Aerowood Dr, Mississauga, ON L4W 1Y5",1,"https://www.google.com/maps/place/Russo%27s+Disaster+Restoration+Services+Ltd/@43.639372699999996,-79.6401116,14z/data=!4m8!1m2!2m1!1sRusso%27s+Disaster+Restoration+Services+Ltd!3m4!1s0x882b38b0afc87f85:0x7b4c6fcf20fb64f3!8m2!3d43.639372699999996!4d-79.6401116",Open 24 hours,Fire damage restoration service,Not Found,Not Found
Mississauga Restoration Pros,+1 647-699-2905,Mississauga,Ontario,L5T 2M9,"6660 Kennedy Rd suite 201, Mississauga, ON L5T 2M9",5,"https://www.google.com/maps/place/Mississauga+Restoration+Pros/@43.6489019,-79.68730699999999,14z/data=!4m8!1m2!2m1!1sMississauga+Restoration+Pros!3m4!1s0x882b3d86f6d9c67f:0xf2a339b79b943066!8m2!3d43.6489019!4d-79.68730699999999",Open 24 hours,Water damage restoration service,Not Found,Not Found
Canada Restoration Interiors (CRI),+1 800-666-0009,CA,Ontario,M1R 3C3,"42 Crockford Blvd, Scarborough, ON M1R 3C3",,"https://www.google.com/maps/place/Canada+Restoration+Interiors+%28CRI%29/@43.7383263,-79.2880678,14z/data=!4m8!1m2!2m1!1sCanada+Restoration+Interiors+%28CRI%29!3m4!1s0x89d4ce072317429f:0x3561b6af16f10c02!8m2!3d43.7383263!4d-79.2880678",Open 24 hours,Water damage restoration service,Not Found,Not Found
PuroClean Restoration Kingston,+1 613-549-7876,Kingston,Ontario,K7M 3E5,"1412 Princess St Unit 1D, Kingston, ON K7M 3E5",5,"https://www.google.com/maps/place/PuroClean+Restoration+Kingston/@44.249745499999996,-76.5310722,14z/data=!4m8!1m2!2m1!1sPuroClean+Restoration+Kingston!3m4!1s0x4cd2ad516b4642d3:0xcb21057d49cbefe3!8m2!3d44.249745499999996!4d-76.5310722",Open 24 hours,Water damage restoration service,Not Found,Not Found
Water Damage Restoration Windsor,+1 519-819-9095,Windsor,Ontario,N8T 1N2,"5401 Queen Elizabeth Dr, Windsor, ON N8T 1N2",4.6,"https://www.google.com/maps/place/Water+Damage+Restoration+Windsor/@42.293616799999995,-82.95027139999999,14z/data=!4m8!1m2!2m1!1sWater+Damage+Restoration+Windsor!3m4!1s0x883b2baacc926da7:0xd361c46f3457aeb!8m2!3d42.293616799999995!4d-82.95027139999999",Open 24 hours,Water damage restoration service,Not Found,Not Found
Across Canada Restoration,+1 519-990-2419,LaSalle,Ontario,N9J 2V7,"8450 Malden Rd, LaSalle, ON N9J 2V7",3.9,"https://www.google.com/maps/place/Across+Canada+Restoration/@42.2007662,-83.0596048,14z/data=!4m8!1m2!2m1!1sAcross+Canada+Restoration!3m4!1s0x883b2feba3b9b05f:0x1a30817bed626e57!8m2!3d42.2007662!4d-83.0596048",Open 24 hours,Water damage restoration service,Not Found,Not Found
R & S Renovations & Construction,+1 519-733-9332,Harrow,ON,N0R 1G0,"5933 Concession Road 5, Harrow, ON N0R 1G0",5,"https://www.google.com/maps/place/R+%26+S+Renovations+%26+Construction/@42.063361,-82.836957,14z/data=!4m8!1m2!2m1!1sR+%26+S+Renovations+%26+Construction!3m4!1s0x883adfd177a197d5:0x67672d067def8016!8m2!3d42.063361!4d-82.836957",Open 24 hours,Water damage restoration service,Not Found,Not Found
905 Restoration,+1 647-571-0214,Richmond Hill,Ontario,L4E 4H5,"29 Walkview Crescent, Richmond Hill, ON L4E 4H5",5,"https://www.google.com/maps/place/905+Restoration/@43.951543,-79.48268399999999,14z/data=!4m8!1m2!2m1!1s905+Restoration!3m4!1s0x8f767b4dc5b69a17:0x940e9faac5ed412d!8m2!3d43.951543!4d-79.48268399999999",Open 24 hours,Water damage restoration service,Not Found,Not Found
Promus Kawarthas,+1 705-880-0801,Lindsay,Ontario,K9V 5J9,"40 Needham St #101, Lindsay, ON K9V 5J9",5,"https://www.google.com/maps/place/Promus+Kawarthas/@44.3684179,-78.732463,14z/data=!4m8!1m2!2m1!1sPromus+Kawarthas!3m4!1s0x89d57eb333cd219d:0xf69608bf79ed67bf!8m2!3d44.3684179!4d-78.732463",Open 24 hours,Water damage restoration service,Not Found,Not Found
PRO-TECT Waterproofing & Drainage,+1 705-943-8845,Sault Ste. Marie,Ontario,P6A 6J8,"603 Black Rd, Sault Ste. Marie, ON P6A 6J8",4.6,"https://www.google.com/maps/place/PRO-TECT+Waterproofing+%26+Drainage/@46.5381984,-84.28772029999999,14z/data=!4m8!1m2!2m1!1sPRO-TECT+Waterproofing+%26+Drainage!3m4!1s0x4d3637fb5399afcf:0x5668771c567336d1!8m2!3d46.5381984!4d-84.28772029999999",Open 24 hours,Water damage restoration service,Not Found,Not Found
Palmer Restorations,+1 705-254-1644,Sault Ste. Marie,Ontario,P6A 1Y7,"258 Queen St E #301, Sault Ste. Marie, ON P6A 1Y7",,"https://www.google.com/maps/place/Palmer+Restorations/@46.5144167,-84.33636589999999,14z/data=!4m8!1m2!2m1!1sPalmer+Restorations!3m4!1s0x4d3639cbc4d9ba0f:0xd2e7e493e92153d3!8m2!3d46.5144167!4d-84.33636589999999",Open 24 hours,Water damage restoration service,Not Found,Not Found
Ontario Waterproofing Company,+1 705-606-1717,Stayner,Ontario,L0M 1S0,"1293 Fairgrounds Rd, Stayner, ON L0M 1S0",,"https://www.google.com/maps/place/Ontario+Waterproofing+Company/@44.425261,-80.13029,14z/data=!4m8!1m2!2m1!1sOntario+Waterproofing+Company!3m4!1s0x882a7d32f2ca9bd7:0x52fffa4ba4234300!8m2!3d44.425261!4d-80.13029",Open 24 hours,Water damage restoration service,Not Found,Not Found
416 Disaster Restoration Services,+1 416-823-4169,Arthur,Ontario,N0G 1A0,"140 Edward St, Arthur, ON N0G 1A0",,"https://www.google.com/maps/place/416+Disaster+Restoration+Services/@43.8305675,-80.5382238,14z/data=!4m8!1m2!2m1!1s416+Disaster+Restoration+Services!3m4!1s0x882bc7b8ed995e4d:0xb882d32d8de074ea!8m2!3d43.8305675!4d-80.5382238",Open 24 hours,Water damage restoration service,Not Found,Not Found
Mahmoud Plumber | Emergency Plumbing Mississauga,+1 437-218-6580,Mississauga,Ontario,L5M 0G6,"5465 Festival Dr, Mississauga, ON L5M 0G6",5,"https://www.google.com/maps/place/Mahmoud+Plumber+%7C+Emergency+Plumbing+Mississauga/@43.5550338,-79.7378293,14z/data=!4m8!1m2!2m1!1sMahmoud+Plumber+%7C+Emergency+Plumbing+Mississauga!3m4!1s0x94e5323daedf98b:0xc85e64fe4e0607cc!8m2!3d43.5550338!4d-79.7378293",Open 24 hours,Plumber,Not Found,Not Found
PLATINUM INTERIOR RESTORATION INC.,+1 647-228-4220,CA,Ontario,M4B 1P1,"2986 St Clair Ave E, East York, ON M4B 1P1",5,"https://www.google.com/maps/place/PLATINUM+INTERIOR+RESTORATION+INC./@43.709138599999996,-79.29706209999999,14z/data=!4m8!1m2!2m1!1sPLATINUM+INTERIOR+RESTORATION+INC.!3m4!1s0x89d4cd6fd28b0889:0xccdcfd0dafc8c523!8m2!3d43.709138599999996!4d-79.29706209999999",Open 24 hours,Water damage restoration service,Not Found,Not Found
GIC Renovations,+1 519-968-3688,Windsor,Ontario,N8X 4W6,"310 Hanna St E, Windsor, ON N8X 4W6",,"https://www.google.com/maps/place/GIC+Renovations/@42.299627799999996,-83.02196339999999,14z/data=!4m8!1m2!2m1!1sGIC+Renovations!3m4!1s0x883b2cf626d7b2e1:0xd4e9c37b084ff96!8m2!3d42.299627799999996!4d-83.02196339999999",Open 24 hours,Water damage restoration service,Not Found,Not Found
Water Damage Restorations Now of Mississauga,+1 289-806-3382,Mississauga,Ontario,L4G 7G1,"7290 Torbram Rd Unit 14 A, Mississauga, ON L4G 7G1",,"https://www.google.com/maps/place/Water+Damage+Restorations+Now+of+Mississauga/@43.699386499999996,-79.66158779999999,14z/data=!4m8!1m2!2m1!1sWater+Damage+Restorations+Now+of+Mississauga!3m4!1s0x882b3f0e11c65f91:0xcf4e6983dce9fb8f!8m2!3d43.699386499999996!4d-79.66158779999999",Open 24 hours,Water damage restoration service,Not Found,Not Found
Land Below Sea,+1 613-240-1080,Nepean,Ontario,K2E 5E9,"28 Hogan St, Nepean, ON K2E 5E9",5,"https://www.google.com/maps/place/Land+Below+Sea/@45.35964,-75.7179699,14z/data=!4m8!1m2!2m1!1sLand+Below+Sea!3m4!1s0x4cce0771f28818a1:0xc77ce75d6d4ef5c1!8m2!3d45.35964!4d-75.7179699",Open 24 hours,Water damage restoration service,Not Found,Not Found
R&F Construction Inc. - DKI,+1 705-646-9022,Bracebridge,Ontario,P1L 1R1,"345 Ecclestone Dr, Bracebridge, ON P1L 1R1",,"https://www.google.com/maps/place/R%26F+Construction+Inc.+-+DKI/@45.0260107,-79.3119964,14z/data=!4m8!1m2!2m1!1sR%26F+Construction+Inc.+-+DKI!3m4!1s0x4d2a869d699ddc15:0xf571691022212242!8m2!3d45.0260107!4d-79.3119964",Open 24 hours,Water damage restoration service,Not Found,Not Found
Service Master of Orillia,+1 705-327-2285,Orillia,Ontario,L3V 0R4,"147 Forestview Rd, Orillia, ON L3V 0R4",3.4,"https://www.google.com/maps/place/Service+Master+of+Orillia/@44.5701752,-79.4421993,14z/data=!4m8!1m2!2m1!1sService+Master+of+Orillia!3m4!1s0x4d2aabf3fe58364d:0xb08e648ae4c834d0!8m2!3d44.5701752!4d-79.4421993",Open 24 hours,Water damage restoration service,Not Found,Not Found
Puropro Property Restoration,+1 289-402-5801,Hamilton,Ontario,L8P 4V3,"118 King St W, Hamilton, ON L8P 4V3",,"https://www.google.com/maps/place/Puropro+Property+Restoration/@43.2654229,-79.8777635,14z/data=!4m8!1m2!2m1!1sPuropro+Property+Restoration!3m4!1s0x882c9b82f5bee0c1:0x646217079b538155!8m2!3d43.2654229!4d-79.8777635",Open 24 hours,Fire damage restoration service,Not Found,Not Found
Burke's Restoration Brampton,+1 905-457-2456,Brampton,Ontario,L6T 5B1,"10 Wilkinson Rd #26, Brampton, ON L6T 5B1",3.7,"https://www.google.com/maps/place/Burke%27s+Restoration+Brampton/@43.6912295,-79.7035081,14z/data=!4m8!1m2!2m1!1sBurke%27s+Restoration+Brampton!3m4!1s0x882b3e66f8017c9b:0x1b931ef2bc11c213!8m2!3d43.6912295!4d-79.7035081",Open 24 hours,Water damage restoration service,Not Found,Not Found
Johnston Pros,+1 888-707-6677,London,Ontario,N5Z 1P4,"650 Little Simcoe St, London, ON N5Z 1P4",4,"https://www.google.com/maps/place/Johnston+Pros/@42.9839048,-81.2256786,14z/data=!4m8!1m2!2m1!1sJohnston+Pros!3m4!1s0x882ef27212afffff:0xe9202954f55a8e12!8m2!3d42.9839048!4d-81.2256786",Open 24 hours,Building restoration service,Not Found,Not Found
CFC Environmental,+1 548-388-7480,London,Ontario,N5X 4P2,"1243 Savannah Dr, London, ON N5X 4P2",,"https://www.google.com/maps/place/CFC+Environmental/@43.049530499999996,-81.2461845,14z/data=!4m8!1m2!2m1!1sCFC+Environmental!3m4!1s0x882eeda8d3f0614d:0x38a945c506dc3b92!8m2!3d43.049530499999996!4d-81.2461845",Open 24 hours,Water damage restoration service,Not Found,Not Found
Yaya Pest Control,+1 647-470-7474,CA,Ontario,M3C 1J5,"40 Wynford Dr Unit 300A, North York, ON M3C 1J5",5,"https://www.google.com/maps/place/Yaya+Pest+Control/@43.7242703,-79.33572269999999,14z/data=!4m8!1m2!2m1!1sYaya+Pest+Control!3m4!1s0x89d4cd6d8ffae3d7:0xaa8afec80f90734f!8m2!3d43.7242703!4d-79.33572269999999",Open 24 hours,Pressure washing service,Not Found,Not Found
247 mold removal,+1 416-574-0789,Mississauga,Ontario,L5K 2L8,"2273 Dundas St W, Mississauga, ON L5K 2L8",,"https://www.google.com/maps/place/247+mold+removal/@43.5318202,-79.6726413,14z/data=!4m8!1m2!2m1!1s247+mold+removal!3m4!1s0x882b439562740a7f:0xb4dd51496da9d11c!8m2!3d43.5318202!4d-79.6726413",Open 24 hours,Water damage restoration service,Not Found,Not Found
York Restoration - Downtown,+1 416-587-7496,Toronto,Ontario,M5A 1A4,"29 Polson St Suite 205, Toronto, ON M5A 1A4",,"https://www.google.com/maps/place/York+Restoration+-+Downtown/@43.6416137,-79.35310489999999,14z/data=!4m8!1m2!2m1!1sYork+Restoration+-+Downtown!3m4!1s0x89d4cbd96735a20d:0x5f300f5b6a3e532c!8m2!3d43.6416137!4d-79.35310489999999",Open 24 hours,Water damage restoration service,Not Found,Not Found
Promus Cobourg / Durham,+1 365-800-0052,Cobourg,Ontario,K9A 4X3,"499 Walton St B, Cobourg, ON K9A 4X3",4.8,"https://www.google.com/maps/place/Promus+Cobourg+%2F+Durham/@43.968399,-78.162705,14z/data=!4m8!1m2!2m1!1sPromus+Cobourg+%2F+Durham!3m4!1s0x89d5c5abf40aa9a5:0x9df9c600d9804f3e!8m2!3d43.968399!4d-78.162705",Open 24 hours,Water damage restoration service,Not Found,Not Found
T4TD Restoration & Renovations,+1 905-874-6723,Brampton,Ontario,L6S 5P2,"5 Edvac Dr, Brampton, ON L6S 5P2",4.4,"https://www.google.com/maps/place/T4TD+Restoration+%26+Renovations/@43.7620763,-79.70220119999999,14z/data=!4m8!1m2!2m1!1sT4TD+Restoration+%26+Renovations!3m4!1s0x882b3d191e609711:0x27416f174e55bac7!8m2!3d43.7620763!4d-79.70220119999999",Open 24 hours,Water damage restoration service,Not Found,Not Found
Home Restorations Brantford,+1 519-770-8974,Brantford,Ontario,N3R 7N7,"245 King George Rd suite 101, Brantford, ON N3R 7N7",,"https://www.google.com/maps/place/Home+Restorations+Brantford/@43.1758143,-80.2802495,14z/data=!4m8!1m2!2m1!1sHome+Restorations+Brantford!3m4!1s0x882c6f7ccc155555:0x5a0d9d7f57369289!8m2!3d43.1758143!4d-80.2802495",Open 24 hours,Water damage restoration service,Not Found,Not Found
Rapid Response & Contracting,+1 647-821-2455,Markham,Ontario,L3R 3V7,"7305 Woodbine Ave #195, Markham, ON L3R 3V7",5,"https://www.google.com/maps/place/Rapid+Response+%26+Contracting/@43.8214389,-79.3496571,14z/data=!4m8!1m2!2m1!1sRapid+Response+%26+Contracting!3m4!1s0x89d4d37bb467a34f:0x61049e43e826789!8m2!3d43.8214389!4d-79.3496571",Open 24 hours,Fire damage restoration service,Not Found,Not Found
Perron Services,+1 647-888-8827,Barrie,Ontario,L4M 5J1,"4 Alliance Blvd #13, Barrie, ON L4M 5J1",5,"https://www.google.com/maps/place/Perron+Services/@44.4079957,-79.6851465,14z/data=!4m8!1m2!2m1!1sPerron+Services!3m4!1s0x882aa31a165c5bd9:0xec554c219ec0df57!8m2!3d44.4079957!4d-79.6851465",Open 24 hours,Water damage restoration service,Not Found,Not Found
King Enterprise Inc,+1 343-322-7873,Cornwall,Ontario,K6H 6J2,"43 Kingslea Crescent, Cornwall, ON K6H 6J2",,"https://www.google.com/maps/place/King+Enterprise+Inc/@45.0233858,-74.722106,14z/data=!4m8!1m2!2m1!1sKing+Enterprise+Inc!3m4!1s0x4ccc19d0160d0b59:0xc2afb88aeec279fb!8m2!3d45.0233858!4d-74.722106",Open 24 hours,Building restoration service,Not Found,Not Found
H2O Clean Up East Corp,+1 905-442-9066,Ajax,Ontario,L1S 7G9,"200 Fuller Rd Unit 19, Ajax, ON L1S 7G9",5,"https://www.google.com/maps/place/H2O+Clean+Up+East+Corp/@43.833725799999996,-79.0322809,14z/data=!4m8!1m2!2m1!1sH2O+Clean+Up+East+Corp!3m4!1s0x89d4dfefe756a501:0x8a67e2fd9f73d55a!8m2!3d43.833725799999996!4d-79.0322809",Open 24 hours,Water damage restoration service,Not Found,Not Found
Margaaa Flood Services,+1 647-487-1111,Mississauga,Ontario,L5T 1V4,"1550 Meyerside Dr #5, Mississauga, ON L5T 1V4",5,"https://www.google.com/maps/place/Margaaa+Flood+Services/@43.6611391,-79.6529072,14z/data=!4m8!1m2!2m1!1sMargaaa+Flood+Services!3m4!1s0x882b3f2b0ac9de35:0xc79792feb8e3e8cd!8m2!3d43.6611391!4d-79.6529072",Open 24 hours,Water damage restoration service,Not Found,Not Found
City green construction,+1 647-425-8875,CA,Ontario,M2R 1A6,"207 Betty Ann Dr, North York, ON M2R 1A6",4,"https://www.google.com/maps/place/City+green+construction/@43.766887,-79.4267625,14z/data=!4m8!1m2!2m1!1sCity+green+construction!3m4!1s0x882b2d26c6283b73:0x72de0ce1be453ed3!8m2!3d43.766887!4d-79.4267625",Open 24 hours,Building restoration service,Not Found,Not Found
BNB Restoration Inc.,+1 800-759-1793,Oakville,Ontario,L6H 2Y7,"474 Iroquois Shore Rd, Oakville, ON L6H 2Y7",,"https://www.google.com/maps/place/BNB+Restoration+Inc./@43.4672822,-79.68094599999999,14z/data=!4m8!1m2!2m1!1sBNB+Restoration+Inc.!3m4!1s0x882b5d4935247823:0x79c93e8da2cae356!8m2!3d43.4672822!4d-79.68094599999999",Open 24 hours,Building restoration service,Not Found,Not Found
Infinium Solutions,+1 905-330-8084,Oakville,Ontario,L6H 6X7,"2010 Winston Park Dr #200, Oakville, ON L6H 6X7",,"https://www.google.com/maps/place/Infinium+Solutions/@43.5066956,-79.66941829999999,14z/data=!4m8!1m2!2m1!1sInfinium+Solutions!3m4!1s0x882b437253bffff9:0xb76b8093bb46eb82!8m2!3d43.5066956!4d-79.66941829999999",Open 24 hours,Fire damage restoration service,Not Found,Not Found
